Iteration,Mu,Sigma,alpha
0,"[-5.89183201e-02  2.23995756e-01  2.72891296e-01  4.17713482e-03
 -2.69335259e+00  1.35150856e-03 -1.16137249e-03  8.93171868e-01
 -6.64369131e-01  2.38531481e-01 -3.05099299e-02]","[1.51866733e-03 1.11681861e-01 1.61675041e-01 1.39500821e-03
 6.02642833e-01 4.45272079e-05 4.74321241e-06 7.49015025e-01
 7.38808629e-02 9.57310057e-02 2.66169968e-03]",36495.832489920474
1,"[-2749.50161949  -129.76125882  -109.96129493  -662.47517997
   -23.17058321   960.37299217    33.40436163  -272.1603475
  -881.92612041  -184.21647343 -3027.19617361]","[0.74798843 0.99848296 0.99905681 0.94938936 0.99993054 0.4007965
 0.05231507 0.99716141 0.96762816 0.99823391 0.66463588]",36430.34055069552
2,"[-2740.73528355  -129.28453842  -109.64055999  -660.48137738
   -23.09021392   954.26308988    33.40974279  -271.23031555
  -878.88363324  -183.60694358 -3017.12976669]","[0.74777725 0.99848098 0.99905541 0.94931634 0.99993044 0.40040303
 0.05224755 0.99715926 0.96760246 0.99823202 0.66438345]",-31867047887.66327
3,"[13304.81562089   844.09704976   433.34758429  4060.1206491
   139.87758114 25388.3163445  74316.04289356  1594.00658828
  5295.16185153  1052.51881831 16668.50470348]","[0.99999819 0.99999999 1.         0.99999979 1.         0.99999093
 0.9999187  0.99999998 0.99999972 0.99999999 0.99999725]",-31867047887.658268
4,"[13304.81562089   844.09704976   433.34758429  4060.1206491
   139.87758114 25388.3163445  74316.04289356  1594.00658828
  5295.16185153  1052.51881831 16668.50470348]","[0.99999819 0.99999999 1.         0.99999979 1.         0.99999093
 0.9999187  0.99999998 0.99999972 0.99999999 0.99999725]",-31867047887.653267
5,"[13304.81562089   844.09704976   433.34758429  4060.1206491
   139.87758114 25388.3163445  74316.04289356  1594.00658828
  5295.16185153  1052.51881831 16668.50470348]","[0.99999819 0.99999999 1.         0.99999979 1.         0.99999093
 0.9999187  0.99999998 0.99999972 0.99999999 0.99999725]",-31867047887.648266
6,"[13304.81562089   844.09704976   433.34758429  4060.1206491
   139.87758114 25388.3163445  74316.04289356  1594.00658828
  5295.16185153  1052.51881831 16668.50470348]","[0.99999819 0.99999999 1.         0.99999979 1.         0.99999093
 0.9999187  0.99999998 0.99999972 0.99999999 0.99999725]",-31867047887.643265
7,"[13304.81562089   844.09704976   433.34758429  4060.1206491
   139.87758114 25388.3163445  74316.04289356  1594.00658828
  5295.16185153  1052.51881831 16668.50470348]","[0.99999819 0.99999999 1.         0.99999979 1.         0.99999093
 0.9999187  0.99999998 0.99999972 0.99999999 0.99999725]",-31867047887.638264
8,"[13304.81562089   844.09704976   433.34758429  4060.1206491
   139.87758114 25388.3163445  74316.04289356  1594.00658828
  5295.16185153  1052.51881831 16668.50470348]","[0.99999819 0.99999999 1.         0.99999979 1.         0.99999093
 0.9999187  0.99999998 0.99999972 0.99999999 0.99999725]",-31867047887.633263
9,"[13304.81562089   844.09704976   433.34758429  4060.1206491
   139.87758114 25388.3163445  74316.04289356  1594.00658828
  5295.16185153  1052.51881831 16668.50470348]","[0.99999819 0.99999999 1.         0.99999979 1.         0.99999093
 0.9999187  0.99999998 0.99999972 0.99999999 0.99999725]",-31867047887.62826
10,"[13304.81562089   844.09704976   433.34758429  4060.1206491
   139.87758114 25388.3163445  74316.04289356  1594.00658828
  5295.16185153  1052.51881831 16668.50470348]","[0.99999819 0.99999999 1.         0.99999979 1.         0.99999093
 0.9999187  0.99999998 0.99999972 0.99999999 0.99999725]",-31867047887.62326
11,"[13304.81562089   844.09704976   433.34758429  4060.1206491
   139.87758114 25388.3163445  74316.04289356  1594.00658828
  5295.16185153  1052.51881831 16668.50470348]","[0.99999819 0.99999999 1.         0.99999979 1.         0.99999093
 0.9999187  0.99999998 0.99999972 0.99999999 0.99999725]",-31867047887.61826
12,"[13304.81562089   844.09704976   433.34758429  4060.1206491
   139.87758114 25388.3163445  74316.04289356  1594.00658828
  5295.16185153  1052.51881831 16668.50470348]","[0.99999819 0.99999999 1.         0.99999979 1.         0.99999093
 0.9999187  0.99999998 0.99999972 0.99999999 0.99999725]",-31867047887.61326
13,"[13304.81562089   844.09704976   433.34758429  4060.1206491
   139.87758114 25388.3163445  74316.04289356  1594.00658828
  5295.16185153  1052.51881831 16668.50470348]","[0.99999819 0.99999999 1.         0.99999979 1.         0.99999093
 0.9999187  0.99999998 0.99999972 0.99999999 0.99999725]",-31867047887.608257
14,"[13304.81562089   844.09704976   433.34758429  4060.1206491
   139.87758114 25388.3163445  74316.04289356  1594.00658828
  5295.16185153  1052.51881831 16668.50470348]","[0.99999819 0.99999999 1.         0.99999979 1.         0.99999093
 0.9999187  0.99999998 0.99999972 0.99999999 0.99999725]",-31867047887.603256
15,"[13304.81562089   844.09704976   433.34758429  4060.1206491
   139.87758114 25388.3163445  74316.04289356  1594.00658828
  5295.16185153  1052.51881831 16668.50470348]","[0.99999819 0.99999999 1.         0.99999979 1.         0.99999093
 0.9999187  0.99999998 0.99999972 0.99999999 0.99999725]",-31867047887.598255
16,"[13304.81562089   844.09704976   433.34758429  4060.1206491
   139.87758114 25388.3163445  74316.04289356  1594.00658828
  5295.16185153  1052.51881831 16668.50470348]","[0.99999819 0.99999999 1.         0.99999979 1.         0.99999093
 0.9999187  0.99999998 0.99999972 0.99999999 0.99999725]",-31867047887.593254
17,"[13304.81562089   844.09704976   433.34758429  4060.1206491
   139.87758114 25388.3163445  74316.04289356  1594.00658828
  5295.16185153  1052.51881831 16668.50470348]","[0.99999819 0.99999999 1.         0.99999979 1.         0.99999093
 0.9999187  0.99999998 0.99999972 0.99999999 0.99999725]",-31867047887.588253
18,"[13304.81562089   844.09704976   433.34758429  4060.1206491
   139.87758114 25388.3163445  74316.04289356  1594.00658828
  5295.16185153  1052.51881831 16668.50470348]","[0.99999819 0.99999999 1.         0.99999979 1.         0.99999093
 0.9999187  0.99999998 0.99999972 0.99999999 0.99999725]",-31867047887.583252
19,"[13304.81562089   844.09704976   433.34758429  4060.1206491
   139.87758114 25388.3163445  74316.04289356  1594.00658828
  5295.16185153  1052.51881831 16668.50470348]","[0.99999819 0.99999999 1.         0.99999979 1.         0.99999093
 0.9999187  0.99999998 0.99999972 0.99999999 0.99999725]",-31867047887.57825
20,"[13304.81562089   844.09704976   433.34758429  4060.1206491
   139.87758114 25388.3163445  74316.04289356  1594.00658828
  5295.16185153  1052.51881831 16668.50470348]","[0.99999819 0.99999999 1.         0.99999979 1.         0.99999093
 0.9999187  0.99999998 0.99999972 0.99999999 0.99999725]",-31867047887.57325
21,"[13304.81562089   844.09704976   433.34758429  4060.1206491
   139.87758114 25388.3163445  74316.04289356  1594.00658828
  5295.16185153  1052.51881831 16668.50470348]","[0.99999819 0.99999999 1.         0.99999979 1.         0.99999093
 0.9999187  0.99999998 0.99999972 0.99999999 0.99999725]",-31867047887.56825
22,"[13304.81562089   844.09704976   433.34758429  4060.1206491
   139.87758114 25388.3163445  74316.04289356  1594.00658828
  5295.16185153  1052.51881831 16668.50470348]","[0.99999819 0.99999999 1.         0.99999979 1.         0.99999093
 0.9999187  0.99999998 0.99999972 0.99999999 0.99999725]",-31867047887.563248
23,"[13304.81562089   844.09704976   433.34758429  4060.1206491
   139.87758114 25388.3163445  74316.04289356  1594.00658828
  5295.16185153  1052.51881831 16668.50470348]","[0.99999819 0.99999999 1.         0.99999979 1.         0.99999093
 0.9999187  0.99999998 0.99999972 0.99999999 0.99999725]",-31867047887.558247
24,"[13304.81562089   844.09704976   433.34758429  4060.1206491
   139.87758114 25388.3163445  74316.04289356  1594.00658828
  5295.16185153  1052.51881831 16668.50470348]","[0.99999819 0.99999999 1.         0.99999979 1.         0.99999093
 0.9999187  0.99999998 0.99999972 0.99999999 0.99999725]",-31867047887.553246
25,"[13304.81562089   844.09704976   433.34758429  4060.1206491
   139.87758114 25388.3163445  74316.04289356  1594.00658828
  5295.16185153  1052.51881831 16668.50470348]","[0.99999819 0.99999999 1.         0.99999979 1.         0.99999093
 0.9999187  0.99999998 0.99999972 0.99999999 0.99999725]",-31867047887.548244
26,"[13304.81562089   844.09704976   433.34758429  4060.1206491
   139.87758114 25388.3163445  74316.04289356  1594.00658828
  5295.16185153  1052.51881831 16668.50470348]","[0.99999819 0.99999999 1.         0.99999979 1.         0.99999093
 0.9999187  0.99999998 0.99999972 0.99999999 0.99999725]",-31867047887.543243
27,"[13304.81562089   844.09704976   433.34758429  4060.1206491
   139.87758114 25388.3163445  74316.04289356  1594.00658828
  5295.16185153  1052.51881831 16668.50470348]","[0.99999819 0.99999999 1.         0.99999979 1.         0.99999093
 0.9999187  0.99999998 0.99999972 0.99999999 0.99999725]",-31867047887.538242
28,"[13304.81562089   844.09704976   433.34758429  4060.1206491
   139.87758114 25388.3163445  74316.04289356  1594.00658828
  5295.16185153  1052.51881831 16668.50470348]","[0.99999819 0.99999999 1.         0.99999979 1.         0.99999093
 0.9999187  0.99999998 0.99999972 0.99999999 0.99999725]",-31867047887.53324
29,"[13304.81562089   844.09704976   433.34758429  4060.1206491
   139.87758114 25388.3163445  74316.04289356  1594.00658828
  5295.16185153  1052.51881831 16668.50470348]","[0.99999819 0.99999999 1.         0.99999979 1.         0.99999093
 0.9999187  0.99999998 0.99999972 0.99999999 0.99999725]",-31867047887.52824
30,"[13304.81562089   844.09704976   433.34758429  4060.1206491
   139.87758114 25388.3163445  74316.04289356  1594.00658828
  5295.16185153  1052.51881831 16668.50470348]","[0.99999819 0.99999999 1.         0.99999979 1.         0.99999093
 0.9999187  0.99999998 0.99999972 0.99999999 0.99999725]",-31867047887.52324
31,"[13304.81562089   844.09704976   433.34758429  4060.1206491
   139.87758114 25388.3163445  74316.04289356  1594.00658828
  5295.16185153  1052.51881831 16668.50470348]","[0.99999819 0.99999999 1.         0.99999979 1.         0.99999093
 0.9999187  0.99999998 0.99999972 0.99999999 0.99999725]",-31867047887.518238
32,"[13304.81562089   844.09704976   433.34758429  4060.1206491
   139.87758114 25388.3163445  74316.04289356  1594.00658828
  5295.16185153  1052.51881831 16668.50470348]","[0.99999819 0.99999999 1.         0.99999979 1.         0.99999093
 0.9999187  0.99999998 0.99999972 0.99999999 0.99999725]",-31867047887.513237
33,"[13304.81562089   844.09704976   433.34758429  4060.1206491
   139.87758114 25388.3163445  74316.04289356  1594.00658828
  5295.16185153  1052.51881831 16668.50470348]","[0.99999819 0.99999999 1.         0.99999979 1.         0.99999093
 0.9999187  0.99999998 0.99999972 0.99999999 0.99999725]",-31867047887.508236
34,"[13304.81562089   844.09704976   433.34758429  4060.1206491
   139.87758114 25388.3163445  74316.04289356  1594.00658828
  5295.16185153  1052.51881831 16668.50470348]","[0.99999819 0.99999999 1.         0.99999979 1.         0.99999093
 0.9999187  0.99999998 0.99999972 0.99999999 0.99999725]",-31867047887.503235
35,"[13304.81562089   844.09704976   433.34758429  4060.1206491
   139.87758114 25388.3163445  74316.04289356  1594.00658828
  5295.16185153  1052.51881831 16668.50470348]","[0.99999819 0.99999999 1.         0.99999979 1.         0.99999093
 0.9999187  0.99999998 0.99999972 0.99999999 0.99999725]",-31867047887.498234
36,"[13304.81562089   844.09704976   433.34758429  4060.1206491
   139.87758114 25388.3163445  74316.04289356  1594.00658828
  5295.16185153  1052.51881831 16668.50470348]","[0.99999819 0.99999999 1.         0.99999979 1.         0.99999093
 0.9999187  0.99999998 0.99999972 0.99999999 0.99999725]",-31867047887.493233
37,"[13304.81562089   844.09704976   433.34758429  4060.1206491
   139.87758114 25388.3163445  74316.04289356  1594.00658828
  5295.16185153  1052.51881831 16668.50470348]","[0.99999819 0.99999999 1.         0.99999979 1.         0.99999093
 0.9999187  0.99999998 0.99999972 0.99999999 0.99999725]",-31867047887.48823
38,"[13304.81562089   844.09704976   433.34758429  4060.1206491
   139.87758114 25388.3163445  74316.04289356  1594.00658828
  5295.16185153  1052.51881831 16668.50470348]","[0.99999819 0.99999999 1.         0.99999979 1.         0.99999093
 0.9999187  0.99999998 0.99999972 0.99999999 0.99999725]",-31867047887.48323
39,"[13304.81562089   844.09704976   433.34758429  4060.1206491
   139.87758114 25388.3163445  74316.04289356  1594.00658828
  5295.16185153  1052.51881831 16668.50470348]","[0.99999819 0.99999999 1.         0.99999979 1.         0.99999093
 0.9999187  0.99999998 0.99999972 0.99999999 0.99999725]",-31867047887.47823
40,"[13304.81562089   844.09704976   433.34758429  4060.1206491
   139.87758114 25388.3163445  74316.04289356  1594.00658828
  5295.16185153  1052.51881831 16668.50470348]","[0.99999819 0.99999999 1.         0.99999979 1.         0.99999093
 0.9999187  0.99999998 0.99999972 0.99999999 0.99999725]",-31867047887.47323
41,"[13304.81562089   844.09704976   433.34758429  4060.1206491
   139.87758114 25388.3163445  74316.04289356  1594.00658828
  5295.16185153  1052.51881831 16668.50470348]","[0.99999819 0.99999999 1.         0.99999979 1.         0.99999093
 0.9999187  0.99999998 0.99999972 0.99999999 0.99999725]",-31867047887.468227
42,"[13304.81562089   844.09704976   433.34758429  4060.1206491
   139.87758114 25388.3163445  74316.04289356  1594.00658828
  5295.16185153  1052.51881831 16668.50470348]","[0.99999819 0.99999999 1.         0.99999979 1.         0.99999093
 0.9999187  0.99999998 0.99999972 0.99999999 0.99999725]",-31867047887.463226
43,"[13304.81562089   844.09704976   433.34758429  4060.1206491
   139.87758114 25388.3163445  74316.04289356  1594.00658828
  5295.16185153  1052.51881831 16668.50470348]","[0.99999819 0.99999999 1.         0.99999979 1.         0.99999093
 0.9999187  0.99999998 0.99999972 0.99999999 0.99999725]",-31867047887.458225
44,"[13304.81562089   844.09704976   433.34758429  4060.1206491
   139.87758114 25388.3163445  74316.04289356  1594.00658828
  5295.16185153  1052.51881831 16668.50470348]","[0.99999819 0.99999999 1.         0.99999979 1.         0.99999093
 0.9999187  0.99999998 0.99999972 0.99999999 0.99999725]",-31867047887.453224
45,"[13304.81562089   844.09704976   433.34758429  4060.1206491
   139.87758114 25388.3163445  74316.04289356  1594.00658828
  5295.16185153  1052.51881831 16668.50470348]","[0.99999819 0.99999999 1.         0.99999979 1.         0.99999093
 0.9999187  0.99999998 0.99999972 0.99999999 0.99999725]",-31867047887.448223
46,"[13304.81562089   844.09704976   433.34758429  4060.1206491
   139.87758114 25388.3163445  74316.04289356  1594.00658828
  5295.16185153  1052.51881831 16668.50470348]","[0.99999819 0.99999999 1.         0.99999979 1.         0.99999093
 0.9999187  0.99999998 0.99999972 0.99999999 0.99999725]",-31867047887.443222
47,"[13304.81562089   844.09704976   433.34758429  4060.1206491
   139.87758114 25388.3163445  74316.04289356  1594.00658828
  5295.16185153  1052.51881831 16668.50470348]","[0.99999819 0.99999999 1.         0.99999979 1.         0.99999093
 0.9999187  0.99999998 0.99999972 0.99999999 0.99999725]",-31867047887.43822
48,"[13304.81562089   844.09704976   433.34758429  4060.1206491
   139.87758114 25388.3163445  74316.04289356  1594.00658828
  5295.16185153  1052.51881831 16668.50470348]","[0.99999819 0.99999999 1.         0.99999979 1.         0.99999093
 0.9999187  0.99999998 0.99999972 0.99999999 0.99999725]",-31867047887.43322
49,"[13304.81562089   844.09704976   433.34758429  4060.1206491
   139.87758114 25388.3163445  74316.04289356  1594.00658828
  5295.16185153  1052.51881831 16668.50470348]","[0.99999819 0.99999999 1.         0.99999979 1.         0.99999093
 0.9999187  0.99999998 0.99999972 0.99999999 0.99999725]",-31867047887.42822
50,"[13304.81562089   844.09704976   433.34758429  4060.1206491
   139.87758114 25388.3163445  74316.04289356  1594.00658828
  5295.16185153  1052.51881831 16668.50470348]","[0.99999819 0.99999999 1.         0.99999979 1.         0.99999093
 0.9999187  0.99999998 0.99999972 0.99999999 0.99999725]",-31867047887.423218
51,"[13304.81562089   844.09704976   433.34758429  4060.1206491
   139.87758114 25388.3163445  74316.04289356  1594.00658828
  5295.16185153  1052.51881831 16668.50470348]","[0.99999819 0.99999999 1.         0.99999979 1.         0.99999093
 0.9999187  0.99999998 0.99999972 0.99999999 0.99999725]",-31867047887.418217
52,"[13304.81562089   844.09704976   433.34758429  4060.1206491
   139.87758114 25388.3163445  74316.04289356  1594.00658828
  5295.16185153  1052.51881831 16668.50470348]","[0.99999819 0.99999999 1.         0.99999979 1.         0.99999093
 0.9999187  0.99999998 0.99999972 0.99999999 0.99999725]",-31867047887.413216
53,"[13304.81562089   844.09704976   433.34758429  4060.1206491
   139.87758114 25388.3163445  74316.04289356  1594.00658828
  5295.16185153  1052.51881831 16668.50470348]","[0.99999819 0.99999999 1.         0.99999979 1.         0.99999093
 0.9999187  0.99999998 0.99999972 0.99999999 0.99999725]",-31867047887.408215
54,"[13304.81562089   844.09704976   433.34758429  4060.1206491
   139.87758114 25388.3163445  74316.04289356  1594.00658828
  5295.16185153  1052.51881831 16668.50470348]","[0.99999819 0.99999999 1.         0.99999979 1.         0.99999093
 0.9999187  0.99999998 0.99999972 0.99999999 0.99999725]",-31867047887.403214
55,"[13304.81562089   844.09704976   433.34758429  4060.1206491
   139.87758114 25388.3163445  74316.04289356  1594.00658828
  5295.16185153  1052.51881831 16668.50470348]","[0.99999819 0.99999999 1.         0.99999979 1.         0.99999093
 0.9999187  0.99999998 0.99999972 0.99999999 0.99999725]",-31867047887.398212
56,"[13304.81562089   844.09704976   433.34758429  4060.1206491
   139.87758114 25388.3163445  74316.04289356  1594.00658828
  5295.16185153  1052.51881831 16668.50470348]","[0.99999819 0.99999999 1.         0.99999979 1.         0.99999093
 0.9999187  0.99999998 0.99999972 0.99999999 0.99999725]",-31867047887.39321
57,"[13304.81562089   844.09704976   433.34758429  4060.1206491
   139.87758114 25388.3163445  74316.04289356  1594.00658828
  5295.16185153  1052.51881831 16668.50470348]","[0.99999819 0.99999999 1.         0.99999979 1.         0.99999093
 0.9999187  0.99999998 0.99999972 0.99999999 0.99999725]",-31867047887.38821
58,"[13304.81562089   844.09704976   433.34758429  4060.1206491
   139.87758114 25388.3163445  74316.04289356  1594.00658828
  5295.16185153  1052.51881831 16668.50470348]","[0.99999819 0.99999999 1.         0.99999979 1.         0.99999093
 0.9999187  0.99999998 0.99999972 0.99999999 0.99999725]",-31867047887.38321
59,"[13304.81562089   844.09704976   433.34758429  4060.1206491
   139.87758114 25388.3163445  74316.04289356  1594.00658828
  5295.16185153  1052.51881831 16668.50470348]","[0.99999819 0.99999999 1.         0.99999979 1.         0.99999093
 0.9999187  0.99999998 0.99999972 0.99999999 0.99999725]",-31867047887.37821
60,"[13304.81562089   844.09704976   433.34758429  4060.1206491
   139.87758114 25388.3163445  74316.04289356  1594.00658828
  5295.16185153  1052.51881831 16668.50470348]","[0.99999819 0.99999999 1.         0.99999979 1.         0.99999093
 0.9999187  0.99999998 0.99999972 0.99999999 0.99999725]",-31867047887.373207
61,"[13304.81562089   844.09704976   433.34758429  4060.1206491
   139.87758114 25388.3163445  74316.04289356  1594.00658828
  5295.16185153  1052.51881831 16668.50470348]","[0.99999819 0.99999999 1.         0.99999979 1.         0.99999093
 0.9999187  0.99999998 0.99999972 0.99999999 0.99999725]",-31867047887.368206
62,"[13304.81562089   844.09704976   433.34758429  4060.1206491
   139.87758114 25388.3163445  74316.04289356  1594.00658828
  5295.16185153  1052.51881831 16668.50470348]","[0.99999819 0.99999999 1.         0.99999979 1.         0.99999093
 0.9999187  0.99999998 0.99999972 0.99999999 0.99999725]",-31867047887.363205
63,"[13304.81562089   844.09704976   433.34758429  4060.1206491
   139.87758114 25388.3163445  74316.04289356  1594.00658828
  5295.16185153  1052.51881831 16668.50470348]","[0.99999819 0.99999999 1.         0.99999979 1.         0.99999093
 0.9999187  0.99999998 0.99999972 0.99999999 0.99999725]",-31867047887.358204
64,"[13304.81562089   844.09704976   433.34758429  4060.1206491
   139.87758114 25388.3163445  74316.04289356  1594.00658828
  5295.16185153  1052.51881831 16668.50470348]","[0.99999819 0.99999999 1.         0.99999979 1.         0.99999093
 0.9999187  0.99999998 0.99999972 0.99999999 0.99999725]",-31867047887.353203
65,"[13304.81562089   844.09704976   433.34758429  4060.1206491
   139.87758114 25388.3163445  74316.04289356  1594.00658828
  5295.16185153  1052.51881831 16668.50470348]","[0.99999819 0.99999999 1.         0.99999979 1.         0.99999093
 0.9999187  0.99999998 0.99999972 0.99999999 0.99999725]",-31867047887.3482
66,"[13304.81562089   844.09704976   433.34758429  4060.1206491
   139.87758114 25388.3163445  74316.04289356  1594.00658828
  5295.16185153  1052.51881831 16668.50470348]","[0.99999819 0.99999999 1.         0.99999979 1.         0.99999093
 0.9999187  0.99999998 0.99999972 0.99999999 0.99999725]",-31867047887.3432
67,"[13304.81562089   844.09704976   433.34758429  4060.1206491
   139.87758114 25388.3163445  74316.04289356  1594.00658828
  5295.16185153  1052.51881831 16668.50470348]","[0.99999819 0.99999999 1.         0.99999979 1.         0.99999093
 0.9999187  0.99999998 0.99999972 0.99999999 0.99999725]",-31867047887.3382
68,"[13304.81562089   844.09704976   433.34758429  4060.1206491
   139.87758114 25388.3163445  74316.04289356  1594.00658828
  5295.16185153  1052.51881831 16668.50470348]","[0.99999819 0.99999999 1.         0.99999979 1.         0.99999093
 0.9999187  0.99999998 0.99999972 0.99999999 0.99999725]",-31867047887.3332
69,"[13304.81562089   844.09704976   433.34758429  4060.1206491
   139.87758114 25388.3163445  74316.04289356  1594.00658828
  5295.16185153  1052.51881831 16668.50470348]","[0.99999819 0.99999999 1.         0.99999979 1.         0.99999093
 0.9999187  0.99999998 0.99999972 0.99999999 0.99999725]",-31867047887.328197
70,"[13304.81562089   844.09704976   433.34758429  4060.1206491
   139.87758114 25388.3163445  74316.04289356  1594.00658828
  5295.16185153  1052.51881831 16668.50470348]","[0.99999819 0.99999999 1.         0.99999979 1.         0.99999093
 0.9999187  0.99999998 0.99999972 0.99999999 0.99999725]",-31867047887.323196
71,"[13304.81562089   844.09704976   433.34758429  4060.1206491
   139.87758114 25388.3163445  74316.04289356  1594.00658828
  5295.16185153  1052.51881831 16668.50470348]","[0.99999819 0.99999999 1.         0.99999979 1.         0.99999093
 0.9999187  0.99999998 0.99999972 0.99999999 0.99999725]",-31867047887.318195
72,"[13304.81562089   844.09704976   433.34758429  4060.1206491
   139.87758114 25388.3163445  74316.04289356  1594.00658828
  5295.16185153  1052.51881831 16668.50470348]","[0.99999819 0.99999999 1.         0.99999979 1.         0.99999093
 0.9999187  0.99999998 0.99999972 0.99999999 0.99999725]",-31867047887.313194
73,"[13304.81562089   844.09704976   433.34758429  4060.1206491
   139.87758114 25388.3163445  74316.04289356  1594.00658828
  5295.16185153  1052.51881831 16668.50470348]","[0.99999819 0.99999999 1.         0.99999979 1.         0.99999093
 0.9999187  0.99999998 0.99999972 0.99999999 0.99999725]",-31867047887.308193
74,"[13304.81562089   844.09704976   433.34758429  4060.1206491
   139.87758114 25388.3163445  74316.04289356  1594.00658828
  5295.16185153  1052.51881831 16668.50470348]","[0.99999819 0.99999999 1.         0.99999979 1.         0.99999093
 0.9999187  0.99999998 0.99999972 0.99999999 0.99999725]",-31867047887.303192
75,"[13304.81562089   844.09704976   433.34758429  4060.1206491
   139.87758114 25388.3163445  74316.04289356  1594.00658828
  5295.16185153  1052.51881831 16668.50470348]","[0.99999819 0.99999999 1.         0.99999979 1.         0.99999093
 0.9999187  0.99999998 0.99999972 0.99999999 0.99999725]",-31867047887.29819
76,"[13304.81562089   844.09704976   433.34758429  4060.1206491
   139.87758114 25388.3163445  74316.04289356  1594.00658828
  5295.16185153  1052.51881831 16668.50470348]","[0.99999819 0.99999999 1.         0.99999979 1.         0.99999093
 0.9999187  0.99999998 0.99999972 0.99999999 0.99999725]",-31867047887.29319
77,"[13304.81562089   844.09704976   433.34758429  4060.1206491
   139.87758114 25388.3163445  74316.04289356  1594.00658828
  5295.16185153  1052.51881831 16668.50470348]","[0.99999819 0.99999999 1.         0.99999979 1.         0.99999093
 0.9999187  0.99999998 0.99999972 0.99999999 0.99999725]",-31867047887.28819
78,"[13304.81562089   844.09704976   433.34758429  4060.1206491
   139.87758114 25388.3163445  74316.04289356  1594.00658828
  5295.16185153  1052.51881831 16668.50470348]","[0.99999819 0.99999999 1.         0.99999979 1.         0.99999093
 0.9999187  0.99999998 0.99999972 0.99999999 0.99999725]",-31867047887.283188
79,"[13304.81562089   844.09704976   433.34758429  4060.1206491
   139.87758114 25388.3163445  74316.04289356  1594.00658828
  5295.16185153  1052.51881831 16668.50470348]","[0.99999819 0.99999999 1.         0.99999979 1.         0.99999093
 0.9999187  0.99999998 0.99999972 0.99999999 0.99999725]",-31867047887.278187
80,"[13304.81562089   844.09704976   433.34758429  4060.1206491
   139.87758114 25388.3163445  74316.04289356  1594.00658828
  5295.16185153  1052.51881831 16668.50470348]","[0.99999819 0.99999999 1.         0.99999979 1.         0.99999093
 0.9999187  0.99999998 0.99999972 0.99999999 0.99999725]",-31867047887.273186
81,"[13304.81562089   844.09704976   433.34758429  4060.1206491
   139.87758114 25388.3163445  74316.04289356  1594.00658828
  5295.16185153  1052.51881831 16668.50470348]","[0.99999819 0.99999999 1.         0.99999979 1.         0.99999093
 0.9999187  0.99999998 0.99999972 0.99999999 0.99999725]",-31867047887.268185
82,"[13304.81562089   844.09704976   433.34758429  4060.1206491
   139.87758114 25388.3163445  74316.04289356  1594.00658828
  5295.16185153  1052.51881831 16668.50470348]","[0.99999819 0.99999999 1.         0.99999979 1.         0.99999093
 0.9999187  0.99999998 0.99999972 0.99999999 0.99999725]",-31867047887.263184
83,"[13304.81562089   844.09704976   433.34758429  4060.1206491
   139.87758114 25388.3163445  74316.04289356  1594.00658828
  5295.16185153  1052.51881831 16668.50470348]","[0.99999819 0.99999999 1.         0.99999979 1.         0.99999093
 0.9999187  0.99999998 0.99999972 0.99999999 0.99999725]",-31867047887.258183
84,"[13304.81562089   844.09704976   433.34758429  4060.1206491
   139.87758114 25388.3163445  74316.04289356  1594.00658828
  5295.16185153  1052.51881831 16668.50470348]","[0.99999819 0.99999999 1.         0.99999979 1.         0.99999093
 0.9999187  0.99999998 0.99999972 0.99999999 0.99999725]",-31867047887.25318
85,"[13304.81562089   844.09704976   433.34758429  4060.1206491
   139.87758114 25388.3163445  74316.04289356  1594.00658828
  5295.16185153  1052.51881831 16668.50470348]","[0.99999819 0.99999999 1.         0.99999979 1.         0.99999093
 0.9999187  0.99999998 0.99999972 0.99999999 0.99999725]",-31867047887.24818
86,"[13304.81562089   844.09704976   433.34758429  4060.1206491
   139.87758114 25388.3163445  74316.04289356  1594.00658828
  5295.16185153  1052.51881831 16668.50470348]","[0.99999819 0.99999999 1.         0.99999979 1.         0.99999093
 0.9999187  0.99999998 0.99999972 0.99999999 0.99999725]",-31867047887.24318
87,"[13304.81562089   844.09704976   433.34758429  4060.1206491
   139.87758114 25388.3163445  74316.04289356  1594.00658828
  5295.16185153  1052.51881831 16668.50470348]","[0.99999819 0.99999999 1.         0.99999979 1.         0.99999093
 0.9999187  0.99999998 0.99999972 0.99999999 0.99999725]",-31867047887.23818
88,"[13304.81562089   844.09704976   433.34758429  4060.1206491
   139.87758114 25388.3163445  74316.04289356  1594.00658828
  5295.16185153  1052.51881831 16668.50470348]","[0.99999819 0.99999999 1.         0.99999979 1.         0.99999093
 0.9999187  0.99999998 0.99999972 0.99999999 0.99999725]",-31867047887.233177
89,"[13304.81562089   844.09704976   433.34758429  4060.1206491
   139.87758114 25388.3163445  74316.04289356  1594.00658828
  5295.16185153  1052.51881831 16668.50470348]","[0.99999819 0.99999999 1.         0.99999979 1.         0.99999093
 0.9999187  0.99999998 0.99999972 0.99999999 0.99999725]",-31867047887.228176
90,"[13304.81562089   844.09704976   433.34758429  4060.1206491
   139.87758114 25388.3163445  74316.04289356  1594.00658828
  5295.16185153  1052.51881831 16668.50470348]","[0.99999819 0.99999999 1.         0.99999979 1.         0.99999093
 0.9999187  0.99999998 0.99999972 0.99999999 0.99999725]",-31867047887.223175
91,"[13304.81562089   844.09704976   433.34758429  4060.1206491
   139.87758114 25388.3163445  74316.04289356  1594.00658828
  5295.16185153  1052.51881831 16668.50470348]","[0.99999819 0.99999999 1.         0.99999979 1.         0.99999093
 0.9999187  0.99999998 0.99999972 0.99999999 0.99999725]",-31867047887.218174
92,"[13304.81562089   844.09704976   433.34758429  4060.1206491
   139.87758114 25388.3163445  74316.04289356  1594.00658828
  5295.16185153  1052.51881831 16668.50470348]","[0.99999819 0.99999999 1.         0.99999979 1.         0.99999093
 0.9999187  0.99999998 0.99999972 0.99999999 0.99999725]",-31867047887.213173
93,"[13304.81562089   844.09704976   433.34758429  4060.1206491
   139.87758114 25388.3163445  74316.04289356  1594.00658828
  5295.16185153  1052.51881831 16668.50470348]","[0.99999819 0.99999999 1.         0.99999979 1.         0.99999093
 0.9999187  0.99999998 0.99999972 0.99999999 0.99999725]",-31867047887.20817
94,"[13304.81562089   844.09704976   433.34758429  4060.1206491
   139.87758114 25388.3163445  74316.04289356  1594.00658828
  5295.16185153  1052.51881831 16668.50470348]","[0.99999819 0.99999999 1.         0.99999979 1.         0.99999093
 0.9999187  0.99999998 0.99999972 0.99999999 0.99999725]",-31867047887.20317
95,"[13304.81562089   844.09704976   433.34758429  4060.1206491
   139.87758114 25388.3163445  74316.04289356  1594.00658828
  5295.16185153  1052.51881831 16668.50470348]","[0.99999819 0.99999999 1.         0.99999979 1.         0.99999093
 0.9999187  0.99999998 0.99999972 0.99999999 0.99999725]",-31867047887.19817
96,"[13304.81562089   844.09704976   433.34758429  4060.1206491
   139.87758114 25388.3163445  74316.04289356  1594.00658828
  5295.16185153  1052.51881831 16668.50470348]","[0.99999819 0.99999999 1.         0.99999979 1.         0.99999093
 0.9999187  0.99999998 0.99999972 0.99999999 0.99999725]",-31867047887.19317
97,"[13304.81562089   844.09704976   433.34758429  4060.1206491
   139.87758114 25388.3163445  74316.04289356  1594.00658828
  5295.16185153  1052.51881831 16668.50470348]","[0.99999819 0.99999999 1.         0.99999979 1.         0.99999093
 0.9999187  0.99999998 0.99999972 0.99999999 0.99999725]",-31867047887.188168
98,"[13304.81562089   844.09704976   433.34758429  4060.1206491
   139.87758114 25388.3163445  74316.04289356  1594.00658828
  5295.16185153  1052.51881831 16668.50470348]","[0.99999819 0.99999999 1.         0.99999979 1.         0.99999093
 0.9999187  0.99999998 0.99999972 0.99999999 0.99999725]",-31867047887.183167
99,"[13304.81562089   844.09704976   433.34758429  4060.1206491
   139.87758114 25388.3163445  74316.04289356  1594.00658828
  5295.16185153  1052.51881831 16668.50470348]","[0.99999819 0.99999999 1.         0.99999979 1.         0.99999093
 0.9999187  0.99999998 0.99999972 0.99999999 0.99999725]",-31867047887.178165
100,"[13304.81562089   844.09704976   433.34758429  4060.1206491
   139.87758114 25388.3163445  74316.04289356  1594.00658828
  5295.16185153  1052.51881831 16668.50470348]","[0.99999819 0.99999999 1.         0.99999979 1.         0.99999093
 0.9999187  0.99999998 0.99999972 0.99999999 0.99999725]",-31867047887.173164
101,"[13304.81562089   844.09704976   433.34758429  4060.1206491
   139.87758114 25388.3163445  74316.04289356  1594.00658828
  5295.16185153  1052.51881831 16668.50470348]","[0.99999819 0.99999999 1.         0.99999979 1.         0.99999093
 0.9999187  0.99999998 0.99999972 0.99999999 0.99999725]",-31867047887.168163
102,"[13304.81562089   844.09704976   433.34758429  4060.1206491
   139.87758114 25388.3163445  74316.04289356  1594.00658828
  5295.16185153  1052.51881831 16668.50470348]","[0.99999819 0.99999999 1.         0.99999979 1.         0.99999093
 0.9999187  0.99999998 0.99999972 0.99999999 0.99999725]",-31867047887.163162
103,"[13304.81562089   844.09704976   433.34758429  4060.1206491
   139.87758114 25388.3163445  74316.04289356  1594.00658828
  5295.16185153  1052.51881831 16668.50470348]","[0.99999819 0.99999999 1.         0.99999979 1.         0.99999093
 0.9999187  0.99999998 0.99999972 0.99999999 0.99999725]",-31867047887.15816
104,"[13304.81562089   844.09704976   433.34758429  4060.1206491
   139.87758114 25388.3163445  74316.04289356  1594.00658828
  5295.16185153  1052.51881831 16668.50470348]","[0.99999819 0.99999999 1.         0.99999979 1.         0.99999093
 0.9999187  0.99999998 0.99999972 0.99999999 0.99999725]",-31867047887.15316
105,"[13304.81562089   844.09704976   433.34758429  4060.1206491
   139.87758114 25388.3163445  74316.04289356  1594.00658828
  5295.16185153  1052.51881831 16668.50470348]","[0.99999819 0.99999999 1.         0.99999979 1.         0.99999093
 0.9999187  0.99999998 0.99999972 0.99999999 0.99999725]",-31867047887.14816
106,"[13304.81562089   844.09704976   433.34758429  4060.1206491
   139.87758114 25388.3163445  74316.04289356  1594.00658828
  5295.16185153  1052.51881831 16668.50470348]","[0.99999819 0.99999999 1.         0.99999979 1.         0.99999093
 0.9999187  0.99999998 0.99999972 0.99999999 0.99999725]",-31867047887.143158
107,"[13304.81562089   844.09704976   433.34758429  4060.1206491
   139.87758114 25388.3163445  74316.04289356  1594.00658828
  5295.16185153  1052.51881831 16668.50470348]","[0.99999819 0.99999999 1.         0.99999979 1.         0.99999093
 0.9999187  0.99999998 0.99999972 0.99999999 0.99999725]",-31867047887.138157
108,"[13304.81562089   844.09704976   433.34758429  4060.1206491
   139.87758114 25388.3163445  74316.04289356  1594.00658828
  5295.16185153  1052.51881831 16668.50470348]","[0.99999819 0.99999999 1.         0.99999979 1.         0.99999093
 0.9999187  0.99999998 0.99999972 0.99999999 0.99999725]",-31867047887.133156
109,"[13304.81562089   844.09704976   433.34758429  4060.1206491
   139.87758114 25388.3163445  74316.04289356  1594.00658828
  5295.16185153  1052.51881831 16668.50470348]","[0.99999819 0.99999999 1.         0.99999979 1.         0.99999093
 0.9999187  0.99999998 0.99999972 0.99999999 0.99999725]",-31867047887.128155
110,"[13304.81562089   844.09704976   433.34758429  4060.1206491
   139.87758114 25388.3163445  74316.04289356  1594.00658828
  5295.16185153  1052.51881831 16668.50470348]","[0.99999819 0.99999999 1.         0.99999979 1.         0.99999093
 0.9999187  0.99999998 0.99999972 0.99999999 0.99999725]",-31867047887.123154
111,"[13304.81562089   844.09704976   433.34758429  4060.1206491
   139.87758114 25388.3163445  74316.04289356  1594.00658828
  5295.16185153  1052.51881831 16668.50470348]","[0.99999819 0.99999999 1.         0.99999979 1.         0.99999093
 0.9999187  0.99999998 0.99999972 0.99999999 0.99999725]",-31867047887.118153
112,"[13304.81562089   844.09704976   433.34758429  4060.1206491
   139.87758114 25388.3163445  74316.04289356  1594.00658828
  5295.16185153  1052.51881831 16668.50470348]","[0.99999819 0.99999999 1.         0.99999979 1.         0.99999093
 0.9999187  0.99999998 0.99999972 0.99999999 0.99999725]",-31867047887.11315
113,"[13304.81562089   844.09704976   433.34758429  4060.1206491
   139.87758114 25388.3163445  74316.04289356  1594.00658828
  5295.16185153  1052.51881831 16668.50470348]","[0.99999819 0.99999999 1.         0.99999979 1.         0.99999093
 0.9999187  0.99999998 0.99999972 0.99999999 0.99999725]",-31867047887.10815
114,"[13304.81562089   844.09704976   433.34758429  4060.1206491
   139.87758114 25388.3163445  74316.04289356  1594.00658828
  5295.16185153  1052.51881831 16668.50470348]","[0.99999819 0.99999999 1.         0.99999979 1.         0.99999093
 0.9999187  0.99999998 0.99999972 0.99999999 0.99999725]",-31867047887.10315
115,"[13304.81562089   844.09704976   433.34758429  4060.1206491
   139.87758114 25388.3163445  74316.04289356  1594.00658828
  5295.16185153  1052.51881831 16668.50470348]","[0.99999819 0.99999999 1.         0.99999979 1.         0.99999093
 0.9999187  0.99999998 0.99999972 0.99999999 0.99999725]",-31867047887.09815
116,"[13304.81562089   844.09704976   433.34758429  4060.1206491
   139.87758114 25388.3163445  74316.04289356  1594.00658828
  5295.16185153  1052.51881831 16668.50470348]","[0.99999819 0.99999999 1.         0.99999979 1.         0.99999093
 0.9999187  0.99999998 0.99999972 0.99999999 0.99999725]",-31867047887.093147
117,"[13304.81562089   844.09704976   433.34758429  4060.1206491
   139.87758114 25388.3163445  74316.04289356  1594.00658828
  5295.16185153  1052.51881831 16668.50470348]","[0.99999819 0.99999999 1.         0.99999979 1.         0.99999093
 0.9999187  0.99999998 0.99999972 0.99999999 0.99999725]",-31867047887.088146
118,"[13304.81562089   844.09704976   433.34758429  4060.1206491
   139.87758114 25388.3163445  74316.04289356  1594.00658828
  5295.16185153  1052.51881831 16668.50470348]","[0.99999819 0.99999999 1.         0.99999979 1.         0.99999093
 0.9999187  0.99999998 0.99999972 0.99999999 0.99999725]",-31867047887.083145
119,"[13304.81562089   844.09704976   433.34758429  4060.1206491
   139.87758114 25388.3163445  74316.04289356  1594.00658828
  5295.16185153  1052.51881831 16668.50470348]","[0.99999819 0.99999999 1.         0.99999979 1.         0.99999093
 0.9999187  0.99999998 0.99999972 0.99999999 0.99999725]",-31867047887.078144
120,"[13304.81562089   844.09704976   433.34758429  4060.1206491
   139.87758114 25388.3163445  74316.04289356  1594.00658828
  5295.16185153  1052.51881831 16668.50470348]","[0.99999819 0.99999999 1.         0.99999979 1.         0.99999093
 0.9999187  0.99999998 0.99999972 0.99999999 0.99999725]",-31867047887.073143
121,"[13304.81562089   844.09704976   433.34758429  4060.1206491
   139.87758114 25388.3163445  74316.04289356  1594.00658828
  5295.16185153  1052.51881831 16668.50470348]","[0.99999819 0.99999999 1.         0.99999979 1.         0.99999093
 0.9999187  0.99999998 0.99999972 0.99999999 0.99999725]",-31867047887.068142
122,"[13304.81562089   844.09704976   433.34758429  4060.1206491
   139.87758114 25388.3163445  74316.04289356  1594.00658828
  5295.16185153  1052.51881831 16668.50470348]","[0.99999819 0.99999999 1.         0.99999979 1.         0.99999093
 0.9999187  0.99999998 0.99999972 0.99999999 0.99999725]",-31867047887.06314
123,"[13304.81562089   844.09704976   433.34758429  4060.1206491
   139.87758114 25388.3163445  74316.04289356  1594.00658828
  5295.16185153  1052.51881831 16668.50470348]","[0.99999819 0.99999999 1.         0.99999979 1.         0.99999093
 0.9999187  0.99999998 0.99999972 0.99999999 0.99999725]",-31867047887.05814
124,"[13304.81562089   844.09704976   433.34758429  4060.1206491
   139.87758114 25388.3163445  74316.04289356  1594.00658828
  5295.16185153  1052.51881831 16668.50470348]","[0.99999819 0.99999999 1.         0.99999979 1.         0.99999093
 0.9999187  0.99999998 0.99999972 0.99999999 0.99999725]",-31867047887.05314
125,"[13304.81562089   844.09704976   433.34758429  4060.1206491
   139.87758114 25388.3163445  74316.04289356  1594.00658828
  5295.16185153  1052.51881831 16668.50470348]","[0.99999819 0.99999999 1.         0.99999979 1.         0.99999093
 0.9999187  0.99999998 0.99999972 0.99999999 0.99999725]",-31867047887.048138
126,"[13304.81562089   844.09704976   433.34758429  4060.1206491
   139.87758114 25388.3163445  74316.04289356  1594.00658828
  5295.16185153  1052.51881831 16668.50470348]","[0.99999819 0.99999999 1.         0.99999979 1.         0.99999093
 0.9999187  0.99999998 0.99999972 0.99999999 0.99999725]",-31867047887.043137
127,"[13304.81562089   844.09704976   433.34758429  4060.1206491
   139.87758114 25388.3163445  74316.04289356  1594.00658828
  5295.16185153  1052.51881831 16668.50470348]","[0.99999819 0.99999999 1.         0.99999979 1.         0.99999093
 0.9999187  0.99999998 0.99999972 0.99999999 0.99999725]",-31867047887.038136
128,"[13304.81562089   844.09704976   433.34758429  4060.1206491
   139.87758114 25388.3163445  74316.04289356  1594.00658828
  5295.16185153  1052.51881831 16668.50470348]","[0.99999819 0.99999999 1.         0.99999979 1.         0.99999093
 0.9999187  0.99999998 0.99999972 0.99999999 0.99999725]",-31867047887.033134
129,"[13304.81562089   844.09704976   433.34758429  4060.1206491
   139.87758114 25388.3163445  74316.04289356  1594.00658828
  5295.16185153  1052.51881831 16668.50470348]","[0.99999819 0.99999999 1.         0.99999979 1.         0.99999093
 0.9999187  0.99999998 0.99999972 0.99999999 0.99999725]",-31867047887.028133
130,"[13304.81562089   844.09704976   433.34758429  4060.1206491
   139.87758114 25388.3163445  74316.04289356  1594.00658828
  5295.16185153  1052.51881831 16668.50470348]","[0.99999819 0.99999999 1.         0.99999979 1.         0.99999093
 0.9999187  0.99999998 0.99999972 0.99999999 0.99999725]",-31867047887.023132
131,"[13304.81562089   844.09704976   433.34758429  4060.1206491
   139.87758114 25388.3163445  74316.04289356  1594.00658828
  5295.16185153  1052.51881831 16668.50470348]","[0.99999819 0.99999999 1.         0.99999979 1.         0.99999093
 0.9999187  0.99999998 0.99999972 0.99999999 0.99999725]",-31867047887.01813
132,"[13304.81562089   844.09704976   433.34758429  4060.1206491
   139.87758114 25388.3163445  74316.04289356  1594.00658828
  5295.16185153  1052.51881831 16668.50470348]","[0.99999819 0.99999999 1.         0.99999979 1.         0.99999093
 0.9999187  0.99999998 0.99999972 0.99999999 0.99999725]",-31867047887.01313
133,"[13304.81562089   844.09704976   433.34758429  4060.1206491
   139.87758114 25388.3163445  74316.04289356  1594.00658828
  5295.16185153  1052.51881831 16668.50470348]","[0.99999819 0.99999999 1.         0.99999979 1.         0.99999093
 0.9999187  0.99999998 0.99999972 0.99999999 0.99999725]",-31867047887.00813
134,"[13304.81562089   844.09704976   433.34758429  4060.1206491
   139.87758114 25388.3163445  74316.04289356  1594.00658828
  5295.16185153  1052.51881831 16668.50470348]","[0.99999819 0.99999999 1.         0.99999979 1.         0.99999093
 0.9999187  0.99999998 0.99999972 0.99999999 0.99999725]",-31867047887.003128
135,"[13304.81562089   844.09704976   433.34758429  4060.1206491
   139.87758114 25388.3163445  74316.04289356  1594.00658828
  5295.16185153  1052.51881831 16668.50470348]","[0.99999819 0.99999999 1.         0.99999979 1.         0.99999093
 0.9999187  0.99999998 0.99999972 0.99999999 0.99999725]",-31867047886.998127
136,"[13304.81562089   844.09704976   433.34758429  4060.1206491
   139.87758114 25388.3163445  74316.04289356  1594.00658828
  5295.16185153  1052.51881831 16668.50470348]","[0.99999819 0.99999999 1.         0.99999979 1.         0.99999093
 0.9999187  0.99999998 0.99999972 0.99999999 0.99999725]",-31867047886.993126
137,"[13304.81562089   844.09704976   433.34758429  4060.1206491
   139.87758114 25388.3163445  74316.04289356  1594.00658828
  5295.16185153  1052.51881831 16668.50470348]","[0.99999819 0.99999999 1.         0.99999979 1.         0.99999093
 0.9999187  0.99999998 0.99999972 0.99999999 0.99999725]",-31867047886.988125
138,"[13304.81562089   844.09704976   433.34758429  4060.1206491
   139.87758114 25388.3163445  74316.04289356  1594.00658828
  5295.16185153  1052.51881831 16668.50470348]","[0.99999819 0.99999999 1.         0.99999979 1.         0.99999093
 0.9999187  0.99999998 0.99999972 0.99999999 0.99999725]",-31867047886.983124
139,"[13304.81562089   844.09704976   433.34758429  4060.1206491
   139.87758114 25388.3163445  74316.04289356  1594.00658828
  5295.16185153  1052.51881831 16668.50470348]","[0.99999819 0.99999999 1.         0.99999979 1.         0.99999093
 0.9999187  0.99999998 0.99999972 0.99999999 0.99999725]",-31867047886.978123
140,"[13304.81562089   844.09704976   433.34758429  4060.1206491
   139.87758114 25388.3163445  74316.04289356  1594.00658828
  5295.16185153  1052.51881831 16668.50470348]","[0.99999819 0.99999999 1.         0.99999979 1.         0.99999093
 0.9999187  0.99999998 0.99999972 0.99999999 0.99999725]",-31867047886.97312
141,"[13304.81562089   844.09704976   433.34758429  4060.1206491
   139.87758114 25388.3163445  74316.04289356  1594.00658828
  5295.16185153  1052.51881831 16668.50470348]","[0.99999819 0.99999999 1.         0.99999979 1.         0.99999093
 0.9999187  0.99999998 0.99999972 0.99999999 0.99999725]",-31867047886.96812
142,"[13304.81562089   844.09704976   433.34758429  4060.1206491
   139.87758114 25388.3163445  74316.04289356  1594.00658828
  5295.16185153  1052.51881831 16668.50470348]","[0.99999819 0.99999999 1.         0.99999979 1.         0.99999093
 0.9999187  0.99999998 0.99999972 0.99999999 0.99999725]",-31867047886.96312
143,"[13304.81562089   844.09704976   433.34758429  4060.1206491
   139.87758114 25388.3163445  74316.04289356  1594.00658828
  5295.16185153  1052.51881831 16668.50470348]","[0.99999819 0.99999999 1.         0.99999979 1.         0.99999093
 0.9999187  0.99999998 0.99999972 0.99999999 0.99999725]",-31867047886.95812
144,"[13304.81562089   844.09704976   433.34758429  4060.1206491
   139.87758114 25388.3163445  74316.04289356  1594.00658828
  5295.16185153  1052.51881831 16668.50470348]","[0.99999819 0.99999999 1.         0.99999979 1.         0.99999093
 0.9999187  0.99999998 0.99999972 0.99999999 0.99999725]",-31867047886.953117
145,"[13304.81562089   844.09704976   433.34758429  4060.1206491
   139.87758114 25388.3163445  74316.04289356  1594.00658828
  5295.16185153  1052.51881831 16668.50470348]","[0.99999819 0.99999999 1.         0.99999979 1.         0.99999093
 0.9999187  0.99999998 0.99999972 0.99999999 0.99999725]",-31867047886.948116
146,"[13304.81562089   844.09704976   433.34758429  4060.1206491
   139.87758114 25388.3163445  74316.04289356  1594.00658828
  5295.16185153  1052.51881831 16668.50470348]","[0.99999819 0.99999999 1.         0.99999979 1.         0.99999093
 0.9999187  0.99999998 0.99999972 0.99999999 0.99999725]",-31867047886.943115
147,"[13304.81562089   844.09704976   433.34758429  4060.1206491
   139.87758114 25388.3163445  74316.04289356  1594.00658828
  5295.16185153  1052.51881831 16668.50470348]","[0.99999819 0.99999999 1.         0.99999979 1.         0.99999093
 0.9999187  0.99999998 0.99999972 0.99999999 0.99999725]",-31867047886.938114
148,"[13304.81562089   844.09704976   433.34758429  4060.1206491
   139.87758114 25388.3163445  74316.04289356  1594.00658828
  5295.16185153  1052.51881831 16668.50470348]","[0.99999819 0.99999999 1.         0.99999979 1.         0.99999093
 0.9999187  0.99999998 0.99999972 0.99999999 0.99999725]",-31867047886.933113
149,"[13304.81562089   844.09704976   433.34758429  4060.1206491
   139.87758114 25388.3163445  74316.04289356  1594.00658828
  5295.16185153  1052.51881831 16668.50470348]","[0.99999819 0.99999999 1.         0.99999979 1.         0.99999093
 0.9999187  0.99999998 0.99999972 0.99999999 0.99999725]",-31867047886.928112
150,"[13304.81562089   844.09704976   433.34758429  4060.1206491
   139.87758114 25388.3163445  74316.04289356  1594.00658828
  5295.16185153  1052.51881831 16668.50470348]","[0.99999819 0.99999999 1.         0.99999979 1.         0.99999093
 0.9999187  0.99999998 0.99999972 0.99999999 0.99999725]",-31867047886.92311
151,"[13304.81562089   844.09704976   433.34758429  4060.1206491
   139.87758114 25388.3163445  74316.04289356  1594.00658828
  5295.16185153  1052.51881831 16668.50470348]","[0.99999819 0.99999999 1.         0.99999979 1.         0.99999093
 0.9999187  0.99999998 0.99999972 0.99999999 0.99999725]",-31867047886.91811
152,"[13304.81562089   844.09704976   433.34758429  4060.1206491
   139.87758114 25388.3163445  74316.04289356  1594.00658828
  5295.16185153  1052.51881831 16668.50470348]","[0.99999819 0.99999999 1.         0.99999979 1.         0.99999093
 0.9999187  0.99999998 0.99999972 0.99999999 0.99999725]",-31867047886.91311
153,"[13304.81562089   844.09704976   433.34758429  4060.1206491
   139.87758114 25388.3163445  74316.04289356  1594.00658828
  5295.16185153  1052.51881831 16668.50470348]","[0.99999819 0.99999999 1.         0.99999979 1.         0.99999093
 0.9999187  0.99999998 0.99999972 0.99999999 0.99999725]",-31867047886.908108
154,"[13304.81562089   844.09704976   433.34758429  4060.1206491
   139.87758114 25388.3163445  74316.04289356  1594.00658828
  5295.16185153  1052.51881831 16668.50470348]","[0.99999819 0.99999999 1.         0.99999979 1.         0.99999093
 0.9999187  0.99999998 0.99999972 0.99999999 0.99999725]",-31867047886.903107
155,"[13304.81562089   844.09704976   433.34758429  4060.1206491
   139.87758114 25388.3163445  74316.04289356  1594.00658828
  5295.16185153  1052.51881831 16668.50470348]","[0.99999819 0.99999999 1.         0.99999979 1.         0.99999093
 0.9999187  0.99999998 0.99999972 0.99999999 0.99999725]",-31867047886.898106
156,"[13304.81562089   844.09704976   433.34758429  4060.1206491
   139.87758114 25388.3163445  74316.04289356  1594.00658828
  5295.16185153  1052.51881831 16668.50470348]","[0.99999819 0.99999999 1.         0.99999979 1.         0.99999093
 0.9999187  0.99999998 0.99999972 0.99999999 0.99999725]",-31867047886.893105
157,"[13304.81562089   844.09704976   433.34758429  4060.1206491
   139.87758114 25388.3163445  74316.04289356  1594.00658828
  5295.16185153  1052.51881831 16668.50470348]","[0.99999819 0.99999999 1.         0.99999979 1.         0.99999093
 0.9999187  0.99999998 0.99999972 0.99999999 0.99999725]",-31867047886.888103
158,"[13304.81562089   844.09704976   433.34758429  4060.1206491
   139.87758114 25388.3163445  74316.04289356  1594.00658828
  5295.16185153  1052.51881831 16668.50470348]","[0.99999819 0.99999999 1.         0.99999979 1.         0.99999093
 0.9999187  0.99999998 0.99999972 0.99999999 0.99999725]",-31867047886.883102
159,"[13304.81562089   844.09704976   433.34758429  4060.1206491
   139.87758114 25388.3163445  74316.04289356  1594.00658828
  5295.16185153  1052.51881831 16668.50470348]","[0.99999819 0.99999999 1.         0.99999979 1.         0.99999093
 0.9999187  0.99999998 0.99999972 0.99999999 0.99999725]",-31867047886.8781
160,"[13304.81562089   844.09704976   433.34758429  4060.1206491
   139.87758114 25388.3163445  74316.04289356  1594.00658828
  5295.16185153  1052.51881831 16668.50470348]","[0.99999819 0.99999999 1.         0.99999979 1.         0.99999093
 0.9999187  0.99999998 0.99999972 0.99999999 0.99999725]",-31867047886.8731
161,"[13304.81562089   844.09704976   433.34758429  4060.1206491
   139.87758114 25388.3163445  74316.04289356  1594.00658828
  5295.16185153  1052.51881831 16668.50470348]","[0.99999819 0.99999999 1.         0.99999979 1.         0.99999093
 0.9999187  0.99999998 0.99999972 0.99999999 0.99999725]",-31867047886.8681
162,"[13304.81562089   844.09704976   433.34758429  4060.1206491
   139.87758114 25388.3163445  74316.04289356  1594.00658828
  5295.16185153  1052.51881831 16668.50470348]","[0.99999819 0.99999999 1.         0.99999979 1.         0.99999093
 0.9999187  0.99999998 0.99999972 0.99999999 0.99999725]",-31867047886.8631
163,"[13304.81562089   844.09704976   433.34758429  4060.1206491
   139.87758114 25388.3163445  74316.04289356  1594.00658828
  5295.16185153  1052.51881831 16668.50470348]","[0.99999819 0.99999999 1.         0.99999979 1.         0.99999093
 0.9999187  0.99999998 0.99999972 0.99999999 0.99999725]",-31867047886.858097
164,"[13304.81562089   844.09704976   433.34758429  4060.1206491
   139.87758114 25388.3163445  74316.04289356  1594.00658828
  5295.16185153  1052.51881831 16668.50470348]","[0.99999819 0.99999999 1.         0.99999979 1.         0.99999093
 0.9999187  0.99999998 0.99999972 0.99999999 0.99999725]",-31867047886.853096
165,"[13304.81562089   844.09704976   433.34758429  4060.1206491
   139.87758114 25388.3163445  74316.04289356  1594.00658828
  5295.16185153  1052.51881831 16668.50470348]","[0.99999819 0.99999999 1.         0.99999979 1.         0.99999093
 0.9999187  0.99999998 0.99999972 0.99999999 0.99999725]",-31867047886.848095
166,"[13304.81562089   844.09704976   433.34758429  4060.1206491
   139.87758114 25388.3163445  74316.04289356  1594.00658828
  5295.16185153  1052.51881831 16668.50470348]","[0.99999819 0.99999999 1.         0.99999979 1.         0.99999093
 0.9999187  0.99999998 0.99999972 0.99999999 0.99999725]",-31867047886.843094
167,"[13304.81562089   844.09704976   433.34758429  4060.1206491
   139.87758114 25388.3163445  74316.04289356  1594.00658828
  5295.16185153  1052.51881831 16668.50470348]","[0.99999819 0.99999999 1.         0.99999979 1.         0.99999093
 0.9999187  0.99999998 0.99999972 0.99999999 0.99999725]",-31867047886.838093
168,"[13304.81562089   844.09704976   433.34758429  4060.1206491
   139.87758114 25388.3163445  74316.04289356  1594.00658828
  5295.16185153  1052.51881831 16668.50470348]","[0.99999819 0.99999999 1.         0.99999979 1.         0.99999093
 0.9999187  0.99999998 0.99999972 0.99999999 0.99999725]",-31867047886.83309
169,"[13304.81562089   844.09704976   433.34758429  4060.1206491
   139.87758114 25388.3163445  74316.04289356  1594.00658828
  5295.16185153  1052.51881831 16668.50470348]","[0.99999819 0.99999999 1.         0.99999979 1.         0.99999093
 0.9999187  0.99999998 0.99999972 0.99999999 0.99999725]",-31867047886.82809
170,"[13304.81562089   844.09704976   433.34758429  4060.1206491
   139.87758114 25388.3163445  74316.04289356  1594.00658828
  5295.16185153  1052.51881831 16668.50470348]","[0.99999819 0.99999999 1.         0.99999979 1.         0.99999093
 0.9999187  0.99999998 0.99999972 0.99999999 0.99999725]",-31867047886.82309
171,"[13304.81562089   844.09704976   433.34758429  4060.1206491
   139.87758114 25388.3163445  74316.04289356  1594.00658828
  5295.16185153  1052.51881831 16668.50470348]","[0.99999819 0.99999999 1.         0.99999979 1.         0.99999093
 0.9999187  0.99999998 0.99999972 0.99999999 0.99999725]",-31867047886.81809
172,"[13304.81562089   844.09704976   433.34758429  4060.1206491
   139.87758114 25388.3163445  74316.04289356  1594.00658828
  5295.16185153  1052.51881831 16668.50470348]","[0.99999819 0.99999999 1.         0.99999979 1.         0.99999093
 0.9999187  0.99999998 0.99999972 0.99999999 0.99999725]",-31867047886.813087
173,"[13304.81562089   844.09704976   433.34758429  4060.1206491
   139.87758114 25388.3163445  74316.04289356  1594.00658828
  5295.16185153  1052.51881831 16668.50470348]","[0.99999819 0.99999999 1.         0.99999979 1.         0.99999093
 0.9999187  0.99999998 0.99999972 0.99999999 0.99999725]",-31867047886.808086
174,"[13304.81562089   844.09704976   433.34758429  4060.1206491
   139.87758114 25388.3163445  74316.04289356  1594.00658828
  5295.16185153  1052.51881831 16668.50470348]","[0.99999819 0.99999999 1.         0.99999979 1.         0.99999093
 0.9999187  0.99999998 0.99999972 0.99999999 0.99999725]",-31867047886.803085
175,"[13304.81562089   844.09704976   433.34758429  4060.1206491
   139.87758114 25388.3163445  74316.04289356  1594.00658828
  5295.16185153  1052.51881831 16668.50470348]","[0.99999819 0.99999999 1.         0.99999979 1.         0.99999093
 0.9999187  0.99999998 0.99999972 0.99999999 0.99999725]",-31867047886.798084
176,"[13304.81562089   844.09704976   433.34758429  4060.1206491
   139.87758114 25388.3163445  74316.04289356  1594.00658828
  5295.16185153  1052.51881831 16668.50470348]","[0.99999819 0.99999999 1.         0.99999979 1.         0.99999093
 0.9999187  0.99999998 0.99999972 0.99999999 0.99999725]",-31867047886.793083
177,"[13304.81562089   844.09704976   433.34758429  4060.1206491
   139.87758114 25388.3163445  74316.04289356  1594.00658828
  5295.16185153  1052.51881831 16668.50470348]","[0.99999819 0.99999999 1.         0.99999979 1.         0.99999093
 0.9999187  0.99999998 0.99999972 0.99999999 0.99999725]",-31867047886.788082
178,"[13304.81562089   844.09704976   433.34758429  4060.1206491
   139.87758114 25388.3163445  74316.04289356  1594.00658828
  5295.16185153  1052.51881831 16668.50470348]","[0.99999819 0.99999999 1.         0.99999979 1.         0.99999093
 0.9999187  0.99999998 0.99999972 0.99999999 0.99999725]",-31867047886.78308
179,"[13304.81562089   844.09704976   433.34758429  4060.1206491
   139.87758114 25388.3163445  74316.04289356  1594.00658828
  5295.16185153  1052.51881831 16668.50470348]","[0.99999819 0.99999999 1.         0.99999979 1.         0.99999093
 0.9999187  0.99999998 0.99999972 0.99999999 0.99999725]",-31867047886.77808
180,"[13304.81562089   844.09704976   433.34758429  4060.1206491
   139.87758114 25388.3163445  74316.04289356  1594.00658828
  5295.16185153  1052.51881831 16668.50470348]","[0.99999819 0.99999999 1.         0.99999979 1.         0.99999093
 0.9999187  0.99999998 0.99999972 0.99999999 0.99999725]",-31867047886.77308
181,"[13304.81562089   844.09704976   433.34758429  4060.1206491
   139.87758114 25388.3163445  74316.04289356  1594.00658828
  5295.16185153  1052.51881831 16668.50470348]","[0.99999819 0.99999999 1.         0.99999979 1.         0.99999093
 0.9999187  0.99999998 0.99999972 0.99999999 0.99999725]",-31867047886.768078
182,"[13304.81562089   844.09704976   433.34758429  4060.1206491
   139.87758114 25388.3163445  74316.04289356  1594.00658828
  5295.16185153  1052.51881831 16668.50470348]","[0.99999819 0.99999999 1.         0.99999979 1.         0.99999093
 0.9999187  0.99999998 0.99999972 0.99999999 0.99999725]",-31867047886.763077
183,"[13304.81562089   844.09704976   433.34758429  4060.1206491
   139.87758114 25388.3163445  74316.04289356  1594.00658828
  5295.16185153  1052.51881831 16668.50470348]","[0.99999819 0.99999999 1.         0.99999979 1.         0.99999093
 0.9999187  0.99999998 0.99999972 0.99999999 0.99999725]",-31867047886.758076
184,"[13304.81562089   844.09704976   433.34758429  4060.1206491
   139.87758114 25388.3163445  74316.04289356  1594.00658828
  5295.16185153  1052.51881831 16668.50470348]","[0.99999819 0.99999999 1.         0.99999979 1.         0.99999093
 0.9999187  0.99999998 0.99999972 0.99999999 0.99999725]",-31867047886.753075
185,"[13304.81562089   844.09704976   433.34758429  4060.1206491
   139.87758114 25388.3163445  74316.04289356  1594.00658828
  5295.16185153  1052.51881831 16668.50470348]","[0.99999819 0.99999999 1.         0.99999979 1.         0.99999093
 0.9999187  0.99999998 0.99999972 0.99999999 0.99999725]",-31867047886.748074
186,"[13304.81562089   844.09704976   433.34758429  4060.1206491
   139.87758114 25388.3163445  74316.04289356  1594.00658828
  5295.16185153  1052.51881831 16668.50470348]","[0.99999819 0.99999999 1.         0.99999979 1.         0.99999093
 0.9999187  0.99999998 0.99999972 0.99999999 0.99999725]",-31867047886.743073
187,"[13304.81562089   844.09704976   433.34758429  4060.1206491
   139.87758114 25388.3163445  74316.04289356  1594.00658828
  5295.16185153  1052.51881831 16668.50470348]","[0.99999819 0.99999999 1.         0.99999979 1.         0.99999093
 0.9999187  0.99999998 0.99999972 0.99999999 0.99999725]",-31867047886.73807
188,"[13304.81562089   844.09704976   433.34758429  4060.1206491
   139.87758114 25388.3163445  74316.04289356  1594.00658828
  5295.16185153  1052.51881831 16668.50470348]","[0.99999819 0.99999999 1.         0.99999979 1.         0.99999093
 0.9999187  0.99999998 0.99999972 0.99999999 0.99999725]",-31867047886.73307
189,"[13304.81562089   844.09704976   433.34758429  4060.1206491
   139.87758114 25388.3163445  74316.04289356  1594.00658828
  5295.16185153  1052.51881831 16668.50470348]","[0.99999819 0.99999999 1.         0.99999979 1.         0.99999093
 0.9999187  0.99999998 0.99999972 0.99999999 0.99999725]",-31867047886.72807
190,"[13304.81562089   844.09704976   433.34758429  4060.1206491
   139.87758114 25388.3163445  74316.04289356  1594.00658828
  5295.16185153  1052.51881831 16668.50470348]","[0.99999819 0.99999999 1.         0.99999979 1.         0.99999093
 0.9999187  0.99999998 0.99999972 0.99999999 0.99999725]",-31867047886.72307
191,"[13304.81562089   844.09704976   433.34758429  4060.1206491
   139.87758114 25388.3163445  74316.04289356  1594.00658828
  5295.16185153  1052.51881831 16668.50470348]","[0.99999819 0.99999999 1.         0.99999979 1.         0.99999093
 0.9999187  0.99999998 0.99999972 0.99999999 0.99999725]",-31867047886.718067
192,"[13304.81562089   844.09704976   433.34758429  4060.1206491
   139.87758114 25388.3163445  74316.04289356  1594.00658828
  5295.16185153  1052.51881831 16668.50470348]","[0.99999819 0.99999999 1.         0.99999979 1.         0.99999093
 0.9999187  0.99999998 0.99999972 0.99999999 0.99999725]",-31867047886.713066
193,"[13304.81562089   844.09704976   433.34758429  4060.1206491
   139.87758114 25388.3163445  74316.04289356  1594.00658828
  5295.16185153  1052.51881831 16668.50470348]","[0.99999819 0.99999999 1.         0.99999979 1.         0.99999093
 0.9999187  0.99999998 0.99999972 0.99999999 0.99999725]",-31867047886.708065
194,"[13304.81562089   844.09704976   433.34758429  4060.1206491
   139.87758114 25388.3163445  74316.04289357  1594.00658828
  5295.16185153  1052.51881831 16668.50470348]","[0.99999819 0.99999999 1.         0.99999979 1.         0.99999093
 0.9999187  0.99999998 0.99999972 0.99999999 0.99999725]",-31867047886.703064
195,"[13304.81562089   844.09704976   433.34758429  4060.1206491
   139.87758114 25388.3163445  74316.04289357  1594.00658828
  5295.16185153  1052.51881831 16668.50470348]","[0.99999819 0.99999999 1.         0.99999979 1.         0.99999093
 0.9999187  0.99999998 0.99999972 0.99999999 0.99999725]",-31867047886.698063
196,"[13304.81562089   844.09704976   433.34758429  4060.1206491
   139.87758114 25388.3163445  74316.04289357  1594.00658828
  5295.16185153  1052.51881831 16668.50470348]","[0.99999819 0.99999999 1.         0.99999979 1.         0.99999093
 0.9999187  0.99999998 0.99999972 0.99999999 0.99999725]",-31867047886.69306
197,"[13304.81562089   844.09704976   433.34758429  4060.1206491
   139.87758114 25388.3163445  74316.04289357  1594.00658828
  5295.16185153  1052.51881831 16668.50470348]","[0.99999819 0.99999999 1.         0.99999979 1.         0.99999093
 0.9999187  0.99999998 0.99999972 0.99999999 0.99999725]",-31867047886.68806
198,"[13304.81562089   844.09704976   433.34758429  4060.1206491
   139.87758114 25388.3163445  74316.04289357  1594.00658828
  5295.16185153  1052.51881831 16668.50470348]","[0.99999819 0.99999999 1.         0.99999979 1.         0.99999093
 0.9999187  0.99999998 0.99999972 0.99999999 0.99999725]",-31867047886.68306
199,"[13304.81562089   844.09704976   433.34758429  4060.1206491
   139.87758114 25388.3163445  74316.04289357  1594.00658828
  5295.16185153  1052.51881831 16668.50470348]","[0.99999819 0.99999999 1.         0.99999979 1.         0.99999093
 0.9999187  0.99999998 0.99999972 0.99999999 0.99999725]",-31867047886.67806
200,"[13304.81562089   844.09704976   433.34758429  4060.1206491
   139.87758114 25388.3163445  74316.04289357  1594.00658828
  5295.16185153  1052.51881831 16668.50470348]","[0.99999819 0.99999999 1.         0.99999979 1.         0.99999093
 0.9999187  0.99999998 0.99999972 0.99999999 0.99999725]",-31867047886.673058
201,"[13304.81562089   844.09704976   433.34758429  4060.1206491
   139.87758114 25388.3163445  74316.04289357  1594.00658828
  5295.16185153  1052.51881831 16668.50470348]","[0.99999819 0.99999999 1.         0.99999979 1.         0.99999093
 0.9999187  0.99999998 0.99999972 0.99999999 0.99999725]",-31867047886.668056
202,"[13304.81562089   844.09704976   433.34758429  4060.1206491
   139.87758114 25388.3163445  74316.04289357  1594.00658828
  5295.16185153  1052.51881831 16668.50470348]","[0.99999819 0.99999999 1.         0.99999979 1.         0.99999093
 0.9999187  0.99999998 0.99999972 0.99999999 0.99999725]",-31867047886.663055
203,"[13304.81562089   844.09704976   433.34758429  4060.1206491
   139.87758114 25388.3163445  74316.04289357  1594.00658828
  5295.16185153  1052.51881831 16668.50470348]","[0.99999819 0.99999999 1.         0.99999979 1.         0.99999093
 0.9999187  0.99999998 0.99999972 0.99999999 0.99999725]",-31867047886.658054
204,"[13304.81562089   844.09704976   433.34758429  4060.1206491
   139.87758114 25388.3163445  74316.04289357  1594.00658828
  5295.16185153  1052.51881831 16668.50470348]","[0.99999819 0.99999999 1.         0.99999979 1.         0.99999093
 0.9999187  0.99999998 0.99999972 0.99999999 0.99999725]",-31867047886.653053
205,"[13304.81562089   844.09704976   433.34758429  4060.1206491
   139.87758114 25388.3163445  74316.04289357  1594.00658828
  5295.16185153  1052.51881831 16668.50470348]","[0.99999819 0.99999999 1.         0.99999979 1.         0.99999093
 0.9999187  0.99999998 0.99999972 0.99999999 0.99999725]",-31867047886.648052
206,"[13304.81562089   844.09704976   433.34758429  4060.1206491
   139.87758114 25388.3163445  74316.04289357  1594.00658828
  5295.16185153  1052.51881831 16668.50470348]","[0.99999819 0.99999999 1.         0.99999979 1.         0.99999093
 0.9999187  0.99999998 0.99999972 0.99999999 0.99999725]",-31867047886.64305
207,"[13304.81562089   844.09704976   433.34758429  4060.1206491
   139.87758114 25388.3163445  74316.04289357  1594.00658828
  5295.16185153  1052.51881831 16668.50470348]","[0.99999819 0.99999999 1.         0.99999979 1.         0.99999093
 0.9999187  0.99999998 0.99999972 0.99999999 0.99999725]",-31867047886.63805
208,"[13304.81562089   844.09704976   433.34758429  4060.1206491
   139.87758114 25388.3163445  74316.04289357  1594.00658828
  5295.16185153  1052.51881831 16668.50470348]","[0.99999819 0.99999999 1.         0.99999979 1.         0.99999093
 0.9999187  0.99999998 0.99999972 0.99999999 0.99999725]",-31867047886.63305
209,"[13304.81562089   844.09704976   433.34758429  4060.1206491
   139.87758114 25388.3163445  74316.04289357  1594.00658828
  5295.16185153  1052.51881831 16668.50470348]","[0.99999819 0.99999999 1.         0.99999979 1.         0.99999093
 0.9999187  0.99999998 0.99999972 0.99999999 0.99999725]",-31867047886.628048
210,"[13304.81562089   844.09704976   433.34758429  4060.1206491
   139.87758114 25388.3163445  74316.04289357  1594.00658828
  5295.16185153  1052.51881831 16668.50470348]","[0.99999819 0.99999999 1.         0.99999979 1.         0.99999093
 0.9999187  0.99999998 0.99999972 0.99999999 0.99999725]",-31867047886.623047
211,"[13304.81562089   844.09704976   433.34758429  4060.1206491
   139.87758114 25388.3163445  74316.04289357  1594.00658828
  5295.16185153  1052.51881831 16668.50470348]","[0.99999819 0.99999999 1.         0.99999979 1.         0.99999093
 0.9999187  0.99999998 0.99999972 0.99999999 0.99999725]",-31867047886.618046
212,"[13304.81562089   844.09704976   433.34758429  4060.1206491
   139.87758114 25388.3163445  74316.04289357  1594.00658828
  5295.16185153  1052.51881831 16668.50470348]","[0.99999819 0.99999999 1.         0.99999979 1.         0.99999093
 0.9999187  0.99999998 0.99999972 0.99999999 0.99999725]",-31867047886.613045
213,"[13304.81562089   844.09704976   433.34758429  4060.1206491
   139.87758114 25388.3163445  74316.04289357  1594.00658828
  5295.16185153  1052.51881831 16668.50470348]","[0.99999819 0.99999999 1.         0.99999979 1.         0.99999093
 0.9999187  0.99999998 0.99999972 0.99999999 0.99999725]",-31867047886.608044
214,"[13304.81562089   844.09704976   433.34758429  4060.1206491
   139.87758114 25388.3163445  74316.04289357  1594.00658828
  5295.16185153  1052.51881831 16668.50470348]","[0.99999819 0.99999999 1.         0.99999979 1.         0.99999093
 0.9999187  0.99999998 0.99999972 0.99999999 0.99999725]",-31867047886.603043
215,"[13304.81562089   844.09704976   433.34758429  4060.1206491
   139.87758114 25388.3163445  74316.04289357  1594.00658828
  5295.16185153  1052.51881831 16668.50470348]","[0.99999819 0.99999999 1.         0.99999979 1.         0.99999093
 0.9999187  0.99999998 0.99999972 0.99999999 0.99999725]",-31867047886.59804
216,"[13304.81562089   844.09704976   433.34758429  4060.1206491
   139.87758114 25388.3163445  74316.04289357  1594.00658828
  5295.16185153  1052.51881831 16668.50470348]","[0.99999819 0.99999999 1.         0.99999979 1.         0.99999093
 0.9999187  0.99999998 0.99999972 0.99999999 0.99999725]",-31867047886.59304
217,"[13304.81562089   844.09704976   433.34758429  4060.1206491
   139.87758114 25388.3163445  74316.04289357  1594.00658828
  5295.16185153  1052.51881831 16668.50470348]","[0.99999819 0.99999999 1.         0.99999979 1.         0.99999093
 0.9999187  0.99999998 0.99999972 0.99999999 0.99999725]",-31867047886.58804
218,"[13304.81562089   844.09704976   433.34758429  4060.1206491
   139.87758114 25388.3163445  74316.04289357  1594.00658828
  5295.16185153  1052.51881831 16668.50470348]","[0.99999819 0.99999999 1.         0.99999979 1.         0.99999093
 0.9999187  0.99999998 0.99999972 0.99999999 0.99999725]",-31867047886.58304
219,"[13304.81562089   844.09704976   433.34758429  4060.1206491
   139.87758114 25388.3163445  74316.04289357  1594.00658828
  5295.16185153  1052.51881831 16668.50470348]","[0.99999819 0.99999999 1.         0.99999979 1.         0.99999093
 0.9999187  0.99999998 0.99999972 0.99999999 0.99999725]",-31867047886.578037
220,"[13304.81562089   844.09704976   433.34758429  4060.1206491
   139.87758114 25388.3163445  74316.04289357  1594.00658828
  5295.16185153  1052.51881831 16668.50470348]","[0.99999819 0.99999999 1.         0.99999979 1.         0.99999093
 0.9999187  0.99999998 0.99999972 0.99999999 0.99999725]",-31867047886.573036
221,"[13304.81562089   844.09704976   433.34758429  4060.1206491
   139.87758114 25388.3163445  74316.04289357  1594.00658828
  5295.16185153  1052.51881831 16668.50470348]","[0.99999819 0.99999999 1.         0.99999979 1.         0.99999093
 0.9999187  0.99999998 0.99999972 0.99999999 0.99999725]",-31867047886.568035
222,"[13304.81562089   844.09704976   433.34758429  4060.1206491
   139.87758114 25388.3163445  74316.04289357  1594.00658828
  5295.16185153  1052.51881831 16668.50470348]","[0.99999819 0.99999999 1.         0.99999979 1.         0.99999093
 0.9999187  0.99999998 0.99999972 0.99999999 0.99999725]",-31867047886.563034
223,"[13304.81562089   844.09704976   433.34758429  4060.1206491
   139.87758114 25388.3163445  74316.04289357  1594.00658828
  5295.16185153  1052.51881831 16668.50470348]","[0.99999819 0.99999999 1.         0.99999979 1.         0.99999093
 0.9999187  0.99999998 0.99999972 0.99999999 0.99999725]",-31867047886.558033
224,"[13304.81562089   844.09704976   433.34758429  4060.1206491
   139.87758114 25388.3163445  74316.04289357  1594.00658828
  5295.16185153  1052.51881831 16668.50470348]","[0.99999819 0.99999999 1.         0.99999979 1.         0.99999093
 0.9999187  0.99999998 0.99999972 0.99999999 0.99999725]",-31867047886.553032
225,"[13304.81562089   844.09704976   433.34758429  4060.1206491
   139.87758114 25388.3163445  74316.04289357  1594.00658828
  5295.16185153  1052.51881831 16668.50470348]","[0.99999819 0.99999999 1.         0.99999979 1.         0.99999093
 0.9999187  0.99999998 0.99999972 0.99999999 0.99999725]",-31867047886.54803
226,"[13304.81562089   844.09704976   433.34758429  4060.1206491
   139.87758114 25388.3163445  74316.04289357  1594.00658828
  5295.16185153  1052.51881831 16668.50470348]","[0.99999819 0.99999999 1.         0.99999979 1.         0.99999093
 0.9999187  0.99999998 0.99999972 0.99999999 0.99999725]",-31867047886.54303
227,"[13304.81562089   844.09704976   433.34758429  4060.1206491
   139.87758114 25388.3163445  74316.04289357  1594.00658828
  5295.16185153  1052.51881831 16668.50470348]","[0.99999819 0.99999999 1.         0.99999979 1.         0.99999093
 0.9999187  0.99999998 0.99999972 0.99999999 0.99999725]",-31867047886.53803
228,"[13304.81562089   844.09704976   433.34758429  4060.1206491
   139.87758114 25388.3163445  74316.04289357  1594.00658828
  5295.16185153  1052.51881831 16668.50470348]","[0.99999819 0.99999999 1.         0.99999979 1.         0.99999093
 0.9999187  0.99999998 0.99999972 0.99999999 0.99999725]",-31867047886.533028
229,"[13304.81562089   844.09704976   433.34758429  4060.1206491
   139.87758114 25388.3163445  74316.04289357  1594.00658828
  5295.16185153  1052.51881831 16668.50470348]","[0.99999819 0.99999999 1.         0.99999979 1.         0.99999093
 0.9999187  0.99999998 0.99999972 0.99999999 0.99999725]",-31867047886.528027
230,"[13304.81562089   844.09704976   433.34758429  4060.1206491
   139.87758114 25388.3163445  74316.04289357  1594.00658828
  5295.16185153  1052.51881831 16668.50470348]","[0.99999819 0.99999999 1.         0.99999979 1.         0.99999093
 0.9999187  0.99999998 0.99999972 0.99999999 0.99999725]",-31867047886.523026
231,"[13304.81562089   844.09704976   433.34758429  4060.1206491
   139.87758114 25388.3163445  74316.04289357  1594.00658828
  5295.16185153  1052.51881831 16668.50470348]","[0.99999819 0.99999999 1.         0.99999979 1.         0.99999093
 0.9999187  0.99999998 0.99999972 0.99999999 0.99999725]",-31867047886.518024
232,"[13304.81562089   844.09704976   433.34758429  4060.1206491
   139.87758114 25388.3163445  74316.04289357  1594.00658828
  5295.16185153  1052.51881831 16668.50470348]","[0.99999819 0.99999999 1.         0.99999979 1.         0.99999093
 0.9999187  0.99999998 0.99999972 0.99999999 0.99999725]",-31867047886.513023
233,"[13304.81562089   844.09704976   433.34758429  4060.1206491
   139.87758114 25388.3163445  74316.04289357  1594.00658828
  5295.16185153  1052.51881831 16668.50470348]","[0.99999819 0.99999999 1.         0.99999979 1.         0.99999093
 0.9999187  0.99999998 0.99999972 0.99999999 0.99999725]",-31867047886.508022
234,"[13304.81562089   844.09704976   433.34758429  4060.1206491
   139.87758114 25388.3163445  74316.04289357  1594.00658828
  5295.16185153  1052.51881831 16668.50470348]","[0.99999819 0.99999999 1.         0.99999979 1.         0.99999093
 0.9999187  0.99999998 0.99999972 0.99999999 0.99999725]",-31867047886.50302
235,"[13304.81562089   844.09704976   433.34758429  4060.1206491
   139.87758114 25388.3163445  74316.04289357  1594.00658828
  5295.16185153  1052.51881831 16668.50470348]","[0.99999819 0.99999999 1.         0.99999979 1.         0.99999093
 0.9999187  0.99999998 0.99999972 0.99999999 0.99999725]",-31867047886.49802
236,"[13304.81562089   844.09704976   433.34758429  4060.1206491
   139.87758114 25388.3163445  74316.04289357  1594.00658828
  5295.16185153  1052.51881831 16668.50470348]","[0.99999819 0.99999999 1.         0.99999979 1.         0.99999093
 0.9999187  0.99999998 0.99999972 0.99999999 0.99999725]",-31867047886.49302
237,"[13304.81562089   844.09704976   433.34758429  4060.1206491
   139.87758114 25388.3163445  74316.04289357  1594.00658828
  5295.16185153  1052.51881831 16668.50470348]","[0.99999819 0.99999999 1.         0.99999979 1.         0.99999093
 0.9999187  0.99999998 0.99999972 0.99999999 0.99999725]",-31867047886.488018
238,"[13304.81562089   844.09704976   433.34758429  4060.1206491
   139.87758114 25388.3163445  74316.04289357  1594.00658828
  5295.16185153  1052.51881831 16668.50470348]","[0.99999819 0.99999999 1.         0.99999979 1.         0.99999093
 0.9999187  0.99999998 0.99999972 0.99999999 0.99999725]",-31867047886.483017
239,"[13304.81562089   844.09704976   433.34758429  4060.1206491
   139.87758114 25388.3163445  74316.04289357  1594.00658828
  5295.16185153  1052.51881831 16668.50470348]","[0.99999819 0.99999999 1.         0.99999979 1.         0.99999093
 0.9999187  0.99999998 0.99999972 0.99999999 0.99999725]",-31867047886.478016
240,"[13304.81562089   844.09704976   433.34758429  4060.1206491
   139.87758114 25388.3163445  74316.04289357  1594.00658828
  5295.16185153  1052.51881831 16668.50470348]","[0.99999819 0.99999999 1.         0.99999979 1.         0.99999093
 0.9999187  0.99999998 0.99999972 0.99999999 0.99999725]",-31867047886.473015
241,"[13304.81562089   844.09704976   433.34758429  4060.1206491
   139.87758114 25388.3163445  74316.04289357  1594.00658828
  5295.16185153  1052.51881831 16668.50470348]","[0.99999819 0.99999999 1.         0.99999979 1.         0.99999093
 0.9999187  0.99999998 0.99999972 0.99999999 0.99999725]",-31867047886.468014
242,"[13304.81562089   844.09704976   433.34758429  4060.1206491
   139.87758114 25388.3163445  74316.04289357  1594.00658828
  5295.16185153  1052.51881831 16668.50470348]","[0.99999819 0.99999999 1.         0.99999979 1.         0.99999093
 0.9999187  0.99999998 0.99999972 0.99999999 0.99999725]",-31867047886.463013
243,"[13304.81562089   844.09704976   433.34758429  4060.1206491
   139.87758114 25388.3163445  74316.04289357  1594.00658828
  5295.16185153  1052.51881831 16668.50470348]","[0.99999819 0.99999999 1.         0.99999979 1.         0.99999093
 0.9999187  0.99999998 0.99999972 0.99999999 0.99999725]",-31867047886.45801
244,"[13304.81562089   844.09704976   433.34758429  4060.1206491
   139.87758114 25388.3163445  74316.04289357  1594.00658828
  5295.16185153  1052.51881831 16668.50470348]","[0.99999819 0.99999999 1.         0.99999979 1.         0.99999093
 0.9999187  0.99999998 0.99999972 0.99999999 0.99999725]",-31867047886.45301
245,"[13304.81562089   844.09704976   433.34758429  4060.1206491
   139.87758114 25388.3163445  74316.04289357  1594.00658828
  5295.16185153  1052.51881831 16668.50470348]","[0.99999819 0.99999999 1.         0.99999979 1.         0.99999093
 0.9999187  0.99999998 0.99999972 0.99999999 0.99999725]",-31867047886.44801
246,"[13304.81562089   844.09704976   433.34758429  4060.1206491
   139.87758114 25388.3163445  74316.04289357  1594.00658828
  5295.16185153  1052.51881831 16668.50470348]","[0.99999819 0.99999999 1.         0.99999979 1.         0.99999093
 0.9999187  0.99999998 0.99999972 0.99999999 0.99999725]",-31867047886.44301
247,"[13304.81562089   844.09704976   433.34758429  4060.1206491
   139.87758114 25388.3163445  74316.04289357  1594.00658828
  5295.16185153  1052.51881831 16668.50470348]","[0.99999819 0.99999999 1.         0.99999979 1.         0.99999093
 0.9999187  0.99999998 0.99999972 0.99999999 0.99999725]",-31867047886.438007
248,"[13304.81562089   844.09704976   433.34758429  4060.1206491
   139.87758114 25388.3163445  74316.04289357  1594.00658828
  5295.16185153  1052.51881831 16668.50470348]","[0.99999819 0.99999999 1.         0.99999979 1.         0.99999093
 0.9999187  0.99999998 0.99999972 0.99999999 0.99999725]",-31867047886.433006
249,"[13304.81562089   844.09704976   433.34758429  4060.1206491
   139.87758114 25388.3163445  74316.04289357  1594.00658828
  5295.16185153  1052.51881831 16668.50470348]","[0.99999819 0.99999999 1.         0.99999979 1.         0.99999093
 0.9999187  0.99999998 0.99999972 0.99999999 0.99999725]",-31867047886.428005
250,"[13304.81562089   844.09704976   433.34758429  4060.1206491
   139.87758114 25388.3163445  74316.04289357  1594.00658828
  5295.16185153  1052.51881831 16668.50470348]","[0.99999819 0.99999999 1.         0.99999979 1.         0.99999093
 0.9999187  0.99999998 0.99999972 0.99999999 0.99999725]",-31867047886.423004
251,"[13304.81562089   844.09704976   433.34758429  4060.1206491
   139.87758114 25388.3163445  74316.04289357  1594.00658828
  5295.16185153  1052.51881831 16668.50470348]","[0.99999819 0.99999999 1.         0.99999979 1.         0.99999093
 0.9999187  0.99999998 0.99999972 0.99999999 0.99999725]",-31867047886.418003
252,"[13304.81562089   844.09704976   433.34758429  4060.1206491
   139.87758114 25388.3163445  74316.04289357  1594.00658828
  5295.16185153  1052.51881831 16668.50470348]","[0.99999819 0.99999999 1.         0.99999979 1.         0.99999093
 0.9999187  0.99999998 0.99999972 0.99999999 0.99999725]",-31867047886.413002
253,"[13304.81562089   844.09704976   433.34758429  4060.1206491
   139.87758114 25388.3163445  74316.04289357  1594.00658828
  5295.16185153  1052.51881831 16668.50470348]","[0.99999819 0.99999999 1.         0.99999979 1.         0.99999093
 0.9999187  0.99999998 0.99999972 0.99999999 0.99999725]",-31867047886.408
